Name,Email,Password,Employee ID (Optional)
Oceane,Damien_Greenholt9@yahoo.com,Timedoctor123!,
Jarrett,Carlo81@hotmail.com,Timedoctor123!,
Monte,Dakota53@yahoo.com,Timedoctor123!,
Dudley,Krystel15@yahoo.com,Timedoctor123!,
Anya,Fay_Corwin13@hotmail.com,Timedoctor123!,
Lulu,Johnpaul23@yahoo.com,Timedoctor123!,
Isobel,Javon.Ernser84@hotmail.com,Timedoctor123!,
Loma,Bethel.Blick@yahoo.com,Timedoctor123!,
Macy,Rosalia_Morissette@hotmail.com,Timedoctor123!,
Lupe,Judy.McLaughlin@yahoo.com,Timedoctor123!,
Myrtie,Deontae_Schmitt@yahoo.com,Timedoctor123!,
Raul,Jaylon_Cruickshank@gmail.com,Timedoctor123!,
Thalia,Immanuel_Ruecker71@gmail.com,Timedoctor123!,
Green,Payton.Casper@yahoo.com,Timedoctor123!,
Ova,April.Witting36@gmail.com,Timedoctor123!,
Mac,Lelah87@yahoo.com,Timedoctor123!,
Samantha,Jabari18@hotmail.com,Timedoctor123!,
Maxwell,Misael12@hotmail.com,Timedoctor123!,
Catherine,Marina85@hotmail.com,Timedoctor123!,
Clyde,Bobby_Simonis77@hotmail.com,Timedoctor123!,
Sean,Reinhold.OConnell@yahoo.com,Timedoctor123!,
Josh,Dahlia_Treutel89@hotmail.com,Timedoctor123!,
Regan,Theo_Ebert6@yahoo.com,Timedoctor123!,
Vincent,Maxime.Spinka@gmail.com,Timedoctor123!,
Nyah,Rowena_Murazik@yahoo.com,Timedoctor123!,
Yasmine,Francis.Boehm@hotmail.com,Timedoctor123!,
Hilma,Krista.Kunde@yahoo.com,Timedoctor123!,
Christiana,Daisha_Windler@gmail.com,Timedoctor123!,
Nyah,Murphy.Stehr82@gmail.com,Timedoctor123!,
Alexie,Emmie_VonRueden@gmail.com,Timedoctor123!,
Holly,Celia.Roob16@yahoo.com,Timedoctor123!,
Brock,Carlotta_Greenholt@hotmail.com,Timedoctor123!,
Nat,Hailey.OReilly29@yahoo.com,Timedoctor123!,
Alexa,Fatima_Kerluke@gmail.com,Timedoctor123!,
Garret,Verla.Mohr@yahoo.com,Timedoctor123!,
Jermaine,Kasey.Cruickshank78@gmail.com,Timedoctor123!,
Samanta,Nasir.OKon88@hotmail.com,Timedoctor123!,
Savannah,Noemi_Kerluke98@hotmail.com,Timedoctor123!,
Hanna,Antone3@yahoo.com,Timedoctor123!,
Adan,Jeff_Collier51@gmail.com,Timedoctor123!,
Myles,Santa52@hotmail.com,Timedoctor123!,
Stephanie,Kobe_Krajcik55@gmail.com,Timedoctor123!,
Louvenia,Albin_White25@gmail.com,Timedoctor123!,
Vaughn,Alexandre.Nicolas49@hotmail.com,Timedoctor123!,
Eliza,Lorna_Pfeffer@gmail.com,Timedoctor123!,
Lamar,Viva_Wehner@yahoo.com,Timedoctor123!,
Delfina,Fiona.Nader32@hotmail.com,Timedoctor123!,
Stevie,Cali.Reichel19@gmail.com,Timedoctor123!,
Johan,Rex.Daniel@gmail.com,Timedoctor123!,
Sylvia,Ezequiel_King@yahoo.com,Timedoctor123!,
Armando,Eleazar.Conn@gmail.com,Timedoctor123!,
